molecule_chembl_id,canonical_smiles,standard_value,bioactivity_class
CHEMBL304929,C#Cc1cccc(Nc2ncnc3cc(OC)c(OC)cc23)c1,140.0,active
CHEMBL1092250,C#Cc1cccc(Nc2ccnc3cc(OC)c(OC)cc23)c1,1500.0,active
CHEMBL553,C#Cc1cccc(Nc2ncnc3cc(OCCOC)c(OCCOC)cc23)c1,1000.0,active
CHEMBL1089203,C#Cc1cccc(Nc2ccnc3cc(OCCOC)c(OCCOC)cc23)c1,1500.0,active
CHEMBL1088901,CN(C)CCCC(=O)Nc1ccc2ncnc(Nc3cccc(Br)c3)c2c1,190.0,active
CHEMBL1089524,CN(C)CCCC(=O)Nc1ccc2nccc(Nc3cccc(Br)c3)c2c1,130.0,active
CHEMBL188762,CCC(=O)Nc1ccc2ncnc(Nc3cccc(Br)c3)c2c1,1000.0,active
CHEMBL1092382,CCC(=O)Nc1ccc2nccc(Nc3cccc(Br)c3)c2c1,520.0,active
CHEMBL285063,C=CC(=O)Nc1ccc2ncnc(Nc3cccc(Br)c3)c2c1,1.0,active
CHEMBL1090840,C=CC(=O)Nc1ccc2nccc(Nc3cccc(Br)c3)c2c1,3.2,active
CHEMBL304929,C#Cc1cccc(Nc2ncnc3cc(OC)c(OC)cc23)c1,1.0,active
CHEMBL1092250,C#Cc1cccc(Nc2ccnc3cc(OC)c(OC)cc23)c1,4.0,active
CHEMBL553,C#Cc1cccc(Nc2ncnc3cc(OCCOC)c(OCCOC)cc23)c1,0.1,active
CHEMBL1089203,C#Cc1cccc(Nc2ccnc3cc(OCCOC)c(OCCOC)cc23)c1,14.0,active
CHEMBL1088901,CN(C)CCCC(=O)Nc1ccc2ncnc(Nc3cccc(Br)c3)c2c1,1.0,active
CHEMBL1089524,CN(C)CCCC(=O)Nc1ccc2nccc(Nc3cccc(Br)c3)c2c1,0.5,active
CHEMBL188762,CCC(=O)Nc1ccc2ncnc(Nc3cccc(Br)c3)c2c1,0.4,active
CHEMBL1092382,CCC(=O)Nc1ccc2nccc(Nc3cccc(Br)c3)c2c1,2.8,active
CHEMBL285063,C=CC(=O)Nc1ccc2ncnc(Nc3cccc(Br)c3)c2c1,1.1,inactive
CHEMBL1090840,C=CC(=O)Nc1ccc2nccc(Nc3cccc(Br)c3)c2c1,1.0,active
CHEMBL225519,O=C1NCCc2[nH]c(-c3ccncc3)cc21,10000.0,active
CHEMBL1256436,Cc1cc(Nc2nc3cccc(Cl)c3o2)ccc1-c1nn([C@H]2CC[C@H](N3CCN(C)CC3)CC2)c2ncnc(N)c12,530.0,active
CHEMBL1256435,CN1CCN([C@H]2CC[C@H](n3nc(-c4ccc(Nc5nc6cccc(Cl)c6o5)cc4Cl)c4c(N)ncnc43)CC2)CC1,86.0,active
CHEMBL1256434,Cc1cc(-c2nn([C@H]3CC[C@H](N4CCN(C)CC4)CC3)c3ncnc(N)c23)ccc1Nc1nc2cccc(Cl)c2o1,156.0,active
CHEMBL1256433,CN1CCN([C@H]2CC[C@H](n3nc(-c4ccc(Nc5nc6cccc(Cl)c6o5)c(Cl)c4)c4c(N)ncnc43)CC2)CC1,63.0,active
CHEMBL1256432,CN1CCN([C@H]2CC[C@H](n3nc(-c4ccc(Nc5nc6cccc(Cl)c6o5)c(F)c4)c4c(N)ncnc43)CC2)CC1,37.0,active
CHEMBL1256431,COCCCN1CCC(N2CCC(n3nc(-c4ccc(Nc5nc6cccc(Cl)c6o5)cc4)c4c(N)ncnc43)CC2)CC1,264.0,active
CHEMBL1256430,CC(C)N1CCC(N2CCC(n3nc(-c4ccc(Nc5nc6cccc(Cl)c6o5)cc4)c4c(N)ncnc43)CC2)CC1,97.0,active
CHEMBL1258231,CN1CCC(N2CCC(n3nc(-c4ccc(Nc5nc6cccc(Cl)c6o5)cc4)c4c(N)ncnc43)CC2)CC1,99.0,active
CHEMBL1256429,CN(C)C(=O)CN1CCN([C@H]2CC[C@H](n3nc(-c4ccc(Nc5nc6cccc(Cl)c6o5)cc4)c4c(N)ncnc43)CC2)CC1,1840.0,active
CHEMBL1256428,COCCCN1CCN([C@H]2CC[C@@H](n3nc(-c4ccc(Nc5nc6cccc(Cl)c6o5)cc4)c4c(N)ncnc43)CC2)CC1,874.0,active
CHEMBL1256427,COCCCN1CCN([C@H]2CC[C@H](n3nc(-c4ccc(Nc5nc6cccc(Cl)c6o5)cc4)c4c(N)ncnc43)CC2)CC1,108.0,active
CHEMBL1256426,CC(C)N1CCN([C@H]2CC[C@@H](n3nc(-c4ccc(Nc5nc6cccc(Cl)c6o5)cc4)c4c(N)ncnc43)CC2)CC1,322.0,active
CHEMBL1256425,CC(C)N1CCN([C@H]2CC[C@H](n3nc(-c4ccc(Nc5nc6cccc(Cl)c6o5)cc4)c4c(N)ncnc43)CC2)CC1,53.7,active
CHEMBL1258118,Nc1ncnc2c1c(-c1ccc(Nc3nc4cccc(Cl)c4o3)cc1)nn2[C@H]1CC[C@H](N2CCOCC2)CC1,1020.0,active
CHEMBL1257998,CN1CCN([C@H]2CC[C@H](n3nc(-c4ccc(Nc5nc6cccc(Cl)c6o5)cc4)c4c(N)ncnc43)CC2)CC1,31.5,inactive
CHEMBL1256424,CN1CCN([C@H]2CC[C@@H](n3nc(-c4ccc(Nc5nc6cc(Cl)cc(Cl)c6o5)cc4)c4c(N)ncnc43)CC2)CC1,639.0,inactive
CHEMBL1256423,Cc1cc(Cl)c2oc(Nc3ccc(-c4nn([C@H]5CC[C@@H](N6CCN(C)CC6)CC5)c5ncnc(N)c45)cc3)nc2c1,1130.0,active
CHEMBL1256422,CN1CCN([C@H]2CC[C@@H](n3nc(-c4ccc(Nc5nc6cc(Cl)ccc6o5)c(F)c4)c4c(N)ncnc43)CC2)CC1,1470.0,active
CHEMBL1256421,CN1CCN([C@H]2CC[C@@H](n3nc(-c4ccc(Nc5nc6cccc(Cl)c6o5)c(F)c4)c4c(N)ncnc43)CC2)CC1,852.0,active
CHEMBL1257888,CN1CCN([C@H]2CC[C@@H](n3nc(-c4ccc(Nc5nc6cccc(Cl)c6o5)cc4)c4c(N)ncnc43)CC2)CC1,393.0,active
CHEMBL1256420,COC(=O)c1cccc2nc(Nc3ccc(-c4nn([C@H]5CC[C@@H](N6CCN(C)CC6)CC5)c5ncnc(N)c45)cc3)oc12,3590.0,active
CHEMBL1256419,CN1CCN([C@H]2CC[C@@H](n3nc(-c4ccc(Nc5nc6cccc(C#N)c6o5)cc4)c4c(N)ncnc43)CC2)CC1,2810.0,active
CHEMBL1257769,CN1CCN([C@H]2CC[C@@H](n3nc(-c4ccc(Nc5nc6ccccc6o5)cc4)c4c(N)ncnc43)CC2)CC1,1660.0,active
CHEMBL1256418,Cc1cc(Br)c2oc(Nc3ccc(-c4cn([C@H]5CC[C@@H](N6CCN(C)CC6)CC5)c5ncnc(N)c45)cc3F)nc2c1,1450.0,active
CHEMBL1256417,Cc1cc(C)c2oc(Nc3ccc(-c4nn([C@H]5CC[C@@H](N6CCN(C)CC6)CC5)c5ncnc(N)c45)cc3F)nc2c1,2270.0,active
CHEMBL1270230,NC(=O)c1cc(-c2ccnc(N)n2)[nH]c1-c1ccccc1,10000.0,active
CHEMBL1738758,CN1CCN(c2ccc(OC(F)(F)F)c(Nc3ncc4c(n3)-c3c(c(C(N)=O)nn3CCO)CC4)c2)CC1,10000.0,active
CHEMBL1922897,Clc1cc(Nc2ncnc3cc[nH]c23)ccc1Oc1ccccc1,110.0,active
CHEMBL1922898,Fc1ccccc1Oc1ccc(Nc2ncnc3cc[nH]c23)cc1Cl,61.0,active
CHEMBL1922899,Fc1cccc(Oc2ccc(Nc3ncnc4cc[nH]c34)cc2Cl)c1,150.0,active
CHEMBL1922900,Clc1ccccc1Oc1ccc(Nc2ncnc3cc[nH]c23)cc1Cl,27.0,active
CHEMBL1921812,Clc1cccc(Oc2ccc(Nc3ncnc4cc[nH]c34)cc2Cl)c1,35.0,active
CHEMBL1922901,N#Cc1ccccc1Oc1ccc(Nc2ncnc3cc[nH]c23)cc1Cl,51.0,active
CHEMBL1922902,N#Cc1cccc(Oc2ccc(Nc3ncnc4cc[nH]c34)cc2Cl)c1,150.0,active
CHEMBL1922903,N#Cc1ccc(Oc2ccc(Nc3ncnc4cc[nH]c34)cc2Cl)cc1,590.0,active
CHEMBL1922904,FC(F)(F)c1ccccc1Oc1ccc(Nc2ncnc3cc[nH]c23)cc1Cl,150.0,active
CHEMBL1922905,FC(F)(F)c1cccc(Oc2ccc(Nc3ncnc4cc[nH]c34)cc2Cl)c1,67.0,active
CHEMBL1922906,FC(F)(F)Oc1ccccc1Oc1ccc(Nc2ncnc3cc[nH]c23)cc1Cl,210.0,active
CHEMBL1922998,FC(F)(F)Oc1cccc(Oc2ccc(Nc3ncnc4cc[nH]c34)cc2Cl)c1,220.0,active
CHEMBL1922999,Cc1cccc(Oc2ccc(Nc3ncnc4cc[nH]c34)cc2Cl)c1,20.0,active
CHEMBL1921813,COc1cccc(Oc2ccc(Nc3ncnc4cc[nH]c34)cc2Cl)c1,290.0,active
CHEMBL1923000,Fc1cccc(COc2ccc(Nc3ncnc4cc[nH]c34)cc2Cl)c1,7.7,active
CHEMBL1923001,Clc1cc(Nc2ncnc3cc[nH]c23)ccc1OCc1ccccn1,18.0,active
CHEMBL1923002,Cc1ccc(Oc2ccc(Nc3ncnc4cc[nH]c34)cc2C)cn1,1900.0,active
CHEMBL1923003,Cn1ccc2ncnc(Nc3ccc(Oc4cccc(Cl)c4)c(Cl)c3)c21,9.2,active
CHEMBL1923004,Cn1ccc2ncnc(Nc3ccc(Oc4cccc(C(F)(F)F)c4)c(Cl)c3)c21,27.0,active
CHEMBL1923005,Cn1ccc2ncnc(Nc3ccc(Oc4cccc(OC(F)(F)F)c4)c(Cl)c3)c21,50.0,active
CHEMBL1923006,OCCn1ccc2ncnc(Nc3ccc(Oc4cccc(Cl)c4)c(Cl)c3)c21,9.5,active
CHEMBL1923007,OCCn1ccc2ncnc(Nc3ccc(Oc4cccc(C(F)(F)F)c4)c(Cl)c3)c21,34.0,active
CHEMBL1923008,OCCn1ccc2ncnc(Nc3ccc(Oc4cccc(OC(F)(F)F)c4)c(Cl)c3)c21,110.0,active
CHEMBL1923009,OCCOCCn1ccc2ncnc(Nc3ccc(Oc4cccc(Cl)c4)c(Cl)c3)c21,5.7,active
CHEMBL1923010,OCCOCCn1ccc2ncnc(Nc3ccc(Oc4cccc(C(F)(F)F)c4)c(Cl)c3)c21,15.0,active
CHEMBL1923011,OCCOCCn1ccc2ncnc(Nc3ccc(Oc4cccc(OC(F)(F)F)c4)c(Cl)c3)c21,49.0,active
CHEMBL1614726,OCCOCCn1ccc2ncnc(Nc3cnc(Oc4cccc(C(F)(F)F)c4)c(Cl)c3)c21,420.0,active
CHEMBL1923012,OCCCCCn1ccc2ncnc(Nc3ccc(Oc4cccc(C(F)(F)F)c4)c(Cl)c3)c21,33.0,inactive
CHEMBL1923013,OCCNCCn1ccc2ncnc(Nc3ccc(Oc4cccc(C(F)(F)F)c4)c(Cl)c3)c21,22.0,inactive
CHEMBL1923014,OCCSCCn1ccc2ncnc(Nc3ccc(Oc4cccc(C(F)(F)F)c4)c(Cl)c3)c21,44.0,active
CHEMBL1923015,[O-][S+](CCO)CCn1ccc2ncnc(Nc3ccc(Oc4cccc(C(F)(F)F)c4)c(Cl)c3)c21,31.0,active
CHEMBL1923016,O=S(=O)(CCO)CCn1ccc2ncnc(Nc3ccc(Oc4cccc(C(F)(F)F)c4)c(Cl)c3)c21,40.0,active
CHEMBL1923017,Cc1cc2ncnc(Nc3ccc(Oc4cccc(C(F)(F)F)c4)c(Cl)c3)c2n1CCOCCO,38.0,active
CHEMBL1923018,N#Cc1cc2ncnc(Nc3ccc(Oc4cccc(C(F)(F)F)c4)c(Cl)c3)c2n1CCOCCO,230.0,active
CHEMBL1923019,O=C(CO)NCCn1ccc2ncnc(Nc3ccc(Oc4cccc(C(F)(F)F)c4)c(Cl)c3)c21,10.0,active
CHEMBL1923020,CN(CCn1ccc2ncnc(Nc3ccc(Oc4cccc(C(F)(F)F)c4)c(Cl)c3)c21)C(=O)CO,15.0,active
CHEMBL1923021,CC(C)(O)C(=O)NCCn1ccc2ncnc(Nc3ccc(Oc4cccc(C(F)(F)F)c4)c(Cl)c3)c21,35.0,active
CHEMBL1923022,CS(=O)(=O)O.O=C(CCO)NCCn1ccc2ncnc(Nc3ccc(Oc4cccc(C(F)(F)F)c4)c(Cl)c3)c21,7.2,active
CHEMBL1614725,CC(C)(O)CC(=O)NCCn1ccc2ncnc(Nc3ccc(Oc4cccc(C(F)(F)F)c4)c(Cl)c3)c21,23.0,active
CHEMBL1933576,CN1CCN(c2ccc(OC(F)(F)F)c(Nc3nccc(-c4cc(C(N)=O)cn4C)n3)c2)CC1,10000.0,active
CHEMBL1933582,CN1CCN(c2ccc(OC(F)(F)F)c(Nc3nccc(-c4cc5c(n4C)CCNC5=O)n3)c2)CC1,10000.0,active
CHEMBL587723,CCN1CCN(Cc2ccc(-c3cc4c(N[C@H](C)c5ccccc5)ncnc4[nH]3)cc2)CC1,2.0,active
,,,active
CHEMBL2387001,COc1ccc(C)cc1NC(=O)Nc1cccc(C(=O)c2cn(C3CCCC3)c3ncnc(N)c23)c1,0.69,active
CHEMBL2387000,Cc1ccc(F)c(NC(=O)Nc2cccc(C(=O)c3cn(C4CCCC4)c4ncnc(N)c34)c2)c1,0.89,active
CHEMBL2386999,Nc1ncnc2c1c(C(=O)c1cccc(NC(=O)Nc3ccc(Cl)cc3Cl)c1)cn2C1CCCC1,1.2,active
CHEMBL2386998,Nc1ncnc2c1c(C(=O)c1cccc(NC(=O)Nc3ccc(Cl)cc3)c1)cn2C1CCCC1,4.6,active
CHEMBL2386996,Nc1ncnc2c1c(C(=O)c1ccc(NC(=O)Nc3c(F)cccc3F)cc1)cn2C1CCCC1,254.0,active
CHEMBL2386995,Nc1ncnc2c1c(C(=O)c1ccc(NS(=O)(=O)c3c(F)cccc3F)cc1)cn2C1CCCC1,769.0,active
CHEMBL2386994,Nc1ncnc2c1c(C(=O)c1cccc(NC(=O)Nc3c(F)cccc3F)c1)cn2C1CCCC1,67.0,active
CHEMBL2386993,Nc1ncnc2c1c(C(=O)c1cccc(NS(=O)(=O)c3c(F)cccc3F)c1)cn2C1CCCC1,253.0,inactive
CHEMBL2387005,Nc1ncnc2c1c(-c1nc3ccc(NC(=O)Nc4c(F)cccc4F)cc3[nH]1)cn2C1CCCC1,112.0,active
CHEMBL2387004,Nc1ncnc2c1c(-c1nc3ccc(NS(=O)(=O)c4c(F)cccc4F)cc3[nH]1)cn2C1CCCC1,518.0,active
CHEMBL2426279,C=CC(=O)Nc1cc(Nc2nccc(-c3c[nH]c4ccccc34)n2)c(OC)cc1N1CCN(C)CC1,17.0,active
CHEMBL2426278,C=CC(=O)Nc1cc(Nc2ncc(Cl)c(-c3c[nH]c4ccccc34)n2)c(OC)cc1N1CCN(C)CC1,23.0,active
CHEMBL2424676,C=CC(=O)Nc1cc(Nc2nccc(-c3cnn4ccccc34)n2)c(OC)cc1N1CCN(C)CC1,140.0,active
CHEMBL2426277,C=CC(=O)Nc1cc(Nc2ncc(Cl)c(-c3cnn4ccccc34)n2)c(OC)cc1N1CCN(C)CC1,140.0,active
CHEMBL2426378,COc1ccc(NC(=O)/C=C/CN(C)C)cc1Nc1ncc([S+](C)[O-])c(-c2cnn3ccccc23)n1,1300.0,active
CHEMBL2426377,COc1ccc(NC(=O)/C=C/CN(C)C)cc1Nc1ncc(C)c(-c2cnn3ccccc23)n1,250.0,active
CHEMBL2426290,COc1ccc(NC(=O)/C=C/CN(C)C)cc1Nc1ncc(F)c(-c2cnn3ccccc23)n1,380.0,active
CHEMBL2426289,COc1ccc(NC(=O)/C=C/CN(C)C)cc1Nc1nccc(-c2cnn3ccccc23)n1,390.0,active
CHEMBL2426288,COc1ccc(NC(=O)/C=C/CN(C)C)cc1Nc1ncc(Cl)c(-c2cnn3ccccc23)n1,400.0,active
CHEMBL2426287,COc1ccc(NC(=O)/C=C/CN(C)C)cc1Nc1ncc(Cl)c(-c2c[nH]c3ccccc23)n1,85.0,active
CHEMBL2426286,C=CC(=O)Nc1ccc(OC)c(Nc2ncc(Cl)c(-c3cnn4ccccc34)n2)c1,150.0,active
CHEMBL2426285,COc1ccc(NC(=O)CC#N)cc1Nc1ncc(Cl)c(-c2c[nH]c3ccccc23)n1,1800.0,active
CHEMBL2426284,C=CC(=O)N1CCc2cc(OC)c(Nc3ncc(Cl)c(-c4c[nH]c5ccccc45)n3)cc21,2800.0,active
CHEMBL2426283,C=CC(=O)Nc1ccc(Nc2ncc(Cl)c(-c3c[nH]c4ccccc34)n2)cc1,19000.0,active
CHEMBL2426282,C=CC(=O)Nc1ccc(OC)c(Nc2ncc(Cl)c(-c3c[nH]c4ccccc34)n2)c1,29.0,active
CHEMBL2426281,C=CC(=O)Nc1cccc(Nc2ncc(Cl)c(-c3c[nH]c4ccccc34)n2)c1,270.0,active
CHEMBL1229592,C=CC(=O)Nc1cccc(Oc2nc(Nc3ccc(N4CCN(C)CC4)cc3OC)ncc2Cl)c1,44.0,active
CHEMBL2110732,COc1cc2ncnc(Nc3ccc(F)c(Cl)c3)c2cc1NC(=O)/C=C/CN1CCCCC1,0.63,active
CHEMBL1173655,CN(C)C/C=C/C(=O)Nc1cc2c(Nc3ccc(F)c(Cl)c3)ncnc2cc1O[C@H]1CCOC1,0.57,inactive
CHEMBL553,C#Cc1cccc(Nc2ncnc3cc(OCCOC)c(OCCOC)cc23)c1,5.9,inactive
CHEMBL939,COc1cc2ncnc(Nc3ccc(F)c(Cl)c3)c2cc1OCCCN1CCOCC1,8.7,inactive
CHEMBL3086102,C=CC(=O)N1CC[C@H](N2C(=O)N(c3ccccc3)Cc3cnc(Nc4ccc(N5CCN(C)CC5)c(C)c4)nc32)C1,3.0,inactive
CHEMBL1173655,CN(C)C/C=C/C(=O)Nc1cc2c(Nc3ccc(F)c(Cl)c3)ncnc2cc1O[C@H]1CCOC1,0.78,inactive
CHEMBL553,C#Cc1cccc(Nc2ncnc3cc(OCCOC)c(OCCOC)cc23)c1,1024.0,active
CHEMBL3092305,COC(=O)/C=C/CNC(=O)Nc1cc2c(Nc3ccc(F)c(Cl)c3)ncnc2cc1O[C@H]1CCOC1,265.0,inactive
CHEMBL3092304,C#CCNC(=O)Nc1cc2c(Nc3ccc(F)c(Cl)c3)ncnc2cc1O[C@H]1CCOC1,374.0,active
CHEMBL3092303,O=C(Nc1cc2c(Nc3ccc(F)c(Cl)c3)ncnc2cc1O[C@H]1CCOC1)N1CCN(CCO)CC1,4212.0,active
CHEMBL3092302,O=C(Nc1cc2c(Nc3ccc(F)c(Cl)c3)ncnc2cc1O[C@H]1CCOC1)N1CCC(CCO)CC1,2937.0,inactive
CHEMBL3092301,O=C(Nc1cc2c(Nc3ccc(F)c(Cl)c3)ncnc2cc1O[C@H]1CCOC1)N1CCC(N2CCCC2)CC1,1594.0,inactive
CHEMBL3092300,O=C(Nc1cc2c(Nc3ccc(F)c(Cl)c3)ncnc2cc1O[C@H]1CCOC1)N1CCC2(CC1)OCCO2,5187.0,inactive
CHEMBL3092299,O=C(Nc1cc2c(Nc3ccc(F)c(Cl)c3)ncnc2cc1O[C@H]1CCOC1)N1CCCC(F)(F)C1,1891.0,inactive
CHEMBL3092298,O=C(Nc1cc2c(Nc3ccc(F)c(Cl)c3)ncnc2cc1O[C@H]1CCOC1)N1CCC(F)(F)CC1,5311.0,inactive
CHEMBL3092297,O=C(Nc1cc2c(Nc3ccc(F)c(Cl)c3)ncnc2cc1O[C@H]1CCOC1)N1CCC(F)CC1,1824.0,inactive
CHEMBL3092321,CN1CCN(C(=O)Nc2cc3c(Nc4ccc(F)c(Cl)c4)ncnc3cc2O[C@H]2CCOC2)CC1,5578.0,inactive
CHEMBL3092320,O=C(Nc1cc2c(Nc3ccc(F)c(Cl)c3)ncnc2cc1O[C@H]1CCOC1)N1CCC(F)(F)C1,3121.0,inactive
CHEMBL3092319,O=C(Nc1cc2c(Nc3ccc(F)c(Cl)c3)ncnc2cc1O[C@H]1CCOC1)N1CC(F)C1,2165.0,inactive
CHEMBL3092318,O=C(Nc1cc2c(Nc3ccc(F)c(Cl)c3)ncnc2cc1O[C@H]1CCOC1)N1CC(O)C1,1419.0,inactive
CHEMBL3092317,CN(C)CCCN(C)C(=O)Nc1cc2c(Nc3ccc(F)c(Cl)c3)ncnc2cc1O[C@H]1CCOC1,5261.0,active
CHEMBL3092316,CCN(CC)CCN(C)C(=O)Nc1cc2c(Nc3ccc(F)c(Cl)c3)ncnc2cc1O[C@H]1CCOC1,392.0,active
CHEMBL3092315,CN(C)CCN(C)C(=O)Nc1cc2c(Nc3ccc(F)c(Cl)c3)ncnc2cc1O[C@H]1CCOC1,677.0,inactive
CHEMBL3092314,CCN(CC)CCCNC(=O)Nc1cc2c(Nc3ccc(F)c(Cl)c3)ncnc2cc1O[C@H]1CCOC1,3058.0,active
CHEMBL3092313,CN(C)CCCNC(=O)Nc1cc2c(Nc3ccc(F)c(Cl)c3)ncnc2cc1O[C@H]1CCOC1,276.0,active
CHEMBL3092312,COC(CCNC(=O)Nc1cc2c(Nc3ccc(F)c(Cl)c3)ncnc2cc1O[C@H]1CCOC1)OC,400.0,active
CHEMBL3092311,COCCCNC(=O)Nc1cc2c(Nc3ccc(F)c(Cl)c3)ncnc2cc1O[C@H]1CCOC1,1659.0,active
CHEMBL3092310,O=C(NCCN1CCOCC1)Nc1cc2c(Nc3ccc(F)c(Cl)c3)ncnc2cc1O[C@H]1CCOC1,49.0,active
CHEMBL3092309,O=C(NCCN1CCCCC1)Nc1cc2c(Nc3ccc(F)c(Cl)c3)ncnc2cc1O[C@H]1CCOC1,447.0,active
CHEMBL3092308,O=C(NCCN1CCCC1)Nc1cc2c(Nc3ccc(F)c(Cl)c3)ncnc2cc1O[C@H]1CCOC1,61.0,active
CHEMBL3092307,CCN(CC)CCNC(=O)Nc1cc2c(Nc3ccc(F)c(Cl)c3)ncnc2cc1O[C@H]1CCOC1,2235.0,active
CHEMBL3092306,CN(C)CCNC(=O)Nc1cc2c(Nc3ccc(F)c(Cl)c3)ncnc2cc1O[C@H]1CCOC1,2077.0,active
CHEMBL3092324,CS(=O)(=O)CCNC(=O)Nc1cc2c(Nc3ccc(F)c(Cl)c3)ncnc2cc1O[C@H]1CCOC1,672.0,active
CHEMBL3092323,COCCNC(=O)Nc1cc2c(Nc3ccc(F)c(Cl)c3)ncnc2cc1O[C@H]1CCOC1,3564.0,active
CHEMBL3092322,O=C(NCCO)Nc1cc2c(Nc3ccc(F)c(Cl)c3)ncnc2cc1O[C@H]1CCOC1,432.0,active
CHEMBL3309990,Nc1nc2c3c(F)cccc3nc(Cc3ccc4c(c3)OCO4)n2n1,10000.0,active
CHEMBL3309995,Nc1ccc2c(c1)nc(Cc1ccc3c(c1)OCO3)n1nc(N)nc21,10000.0,active
CHEMBL3309997,OCCCNc1ccc2c(c1)nc(-c1ccc3c(c1)OCO3)n1ncnc21,10000.0,active
CHEMBL3309998,Nc1nc2c3ccc(NCCO)cc3nc(Cc3ccc4c(c3)OCO4)n2n1,10000.0,active
CHEMBL3310151,CN1CCN(c2cc(F)c3c(c2)nc(Cc2ccc4c(c2)OCO4)n2nc(N)nc32)CC1,10000.0,active
CHEMBL2426288,COc1ccc(NC(=O)/C=C/CN(C)C)cc1Nc1ncc(Cl)c(-c2cnn3ccccc23)n1,388.0,active
CHEMBL3353410,C=CC(=O)Nc1cc(Nc2nccc(-c3cn(C)c4ccccc34)n2)c(OC)cc1N(C)CCN(C)C,17000.0,active
CHEMBL2426279,C=CC(=O)Nc1cc(Nc2nccc(-c3c[nH]c4ccccc34)n2)c(OC)cc1N1CCN(C)CC1,15.0,active
CHEMBL2426277,C=CC(=O)Nc1cc(Nc2ncc(Cl)c(-c3cnn4ccccc34)n2)c(OC)cc1N1CCN(C)CC1,140.0,active
CHEMBL3353395,C=CC(=O)Nc1cc(Nc2ncc(Cl)c(-c3cnn4ccccc34)n2)c(OC)cc1N1CCN(C(=O)CN(C)C)CC1,73000.0,active
CHEMBL3353396,C=CC(=O)Nc1cc(Nc2ncc(Cl)c(-c3cnn4ccccc34)n2)c(OC)cc1N1CCN(C(=O)[C@H](C)N)CC1,28000.0,active
CHEMBL3353397,C=CC(=O)Nc1cc(Nc2ncc(Cl)c(-c3cnn4ccccc34)n2)c(OC)cc1N1CCN(C(=O)[C@@H]2CCCCN2)CC1,211000.0,active
CHEMBL3353398,C=CC(=O)Nc1cc(Nc2ncc(Cl)c(-c3cnn4ccccc34)n2)c(OC)cc1N1CCN(C(=O)[C@H]2CCCCN2)CC1,220000.0,active
CHEMBL3353399,C=CC(=O)Nc1cc(Nc2ncc(Cl)c(-c3cnn4ccccc34)n2)c(OC)cc1N1CCN(C(=O)CNC)CC1,156000.0,active
CHEMBL3353400,C=CC(=O)Nc1cc(Nc2ncc(Cl)c(-c3cnn4ccccc34)n2)c(OC)cc1N1CCN(C(=O)[C@H](C)O)CC1,179000.0,active
CHEMBL3353401,C=CC(=O)Nc1cc(Nc2ncc(Cl)c(-c3cnn4ccccc34)n2)c(OC)cc1N1CCN(C(=O)N2CCNCC2)CC1,247000.0,active
CHEMBL3353402,C=CC(=O)Nc1cc(Nc2ncc(Cl)c(-c3cnn4ccccc34)n2)c(OC)cc1N1CCN(C(=O)[C@@H](C)N)CC1,351000.0,active
CHEMBL3353403,C=CC(=O)Nc1cc(Nc2ncc(Cl)c(-c3cnn4ccccc34)n2)c(OC)cc1N1CC[C@@H](N(C)C)C1,16000.0,active
CHEMBL3353404,C=CC(=O)Nc1cc(Nc2ncc(Cl)c(-c3cnn4ccccc34)n2)c(OC)cc1N(C)CCN(C)C,2000.0,active
CHEMBL3353405,C=CC(=O)Nc1cc(Nc2ncc(Cl)c(-c3cnn4ccccc34)n2)c(OC)cc1N1CC(N(C)C)C1,21000.0,active
CHEMBL3353406,C=CC(=O)Nc1cc(Nc2ncc(C#N)c(-c3cn(C)c4ccccc34)n2)c(OC)cc1N(C)CCN(C)C,1000.0,active
CHEMBL3353407,C=CC(=O)Nc1cc(Nc2ncc(Cl)c(-c3cn(C)c4ccccc34)n2)c(OC)cc1N(C)CCN(C)C,2000.0,active
CHEMBL3353408,C=CC(=O)Nc1cc(Nc2ncc(Cl)c(-c3c[nH]c4ccccc34)n2)c(OC)cc1N(C)CCN(C)C,600.0,active
CHEMBL3353409,C=CC(=O)Nc1cc(Nc2ncc(C)c(-c3cn(C)c4ccccc34)n2)c(OC)cc1N(C)CCN(C)C,2000.0,active
CHEMBL3353411,C=CC(=O)Nc1cc(Nc2nccc(-c3c[nH]c4ccccc34)n2)c(OC)cc1N(C)CCN(C)C,2000.0,active
CHEMBL3353412,C=CC(=O)Nc1cc(Nc2nccc(-c3cn(C)c4ccccc34)n2)c(OC)cc1N(C)CCNC,26000.0,active
CHEMBL3608432,C=CC(=O)N[C@@H]1CN(c2nc(Nc3cn(C)nc3C)c3ncn(C(C)C)c3n2)C[C@H]1F,6651.0,active
CHEMBL3608431,C=CC(=O)N[C@H]1CCN(c2nc(Nc3ccc(N4CCN(C)CC4)cc3)c3ncn(CCO)c3n2)C1,31.0,inactive
CHEMBL3608430,C=CC(=O)N1C[C@@H]2CN(c3nc(Nc4ccc(N5CCN(C)CC5)cc4)c4ncn(C(C)C)c4n3)C[C@@H]2C1,8.0,inactive
CHEMBL3608429,C=CC(=O)N[C@@H]1CN(c2nc(Nc3cnn(C)c3)c3ncn(C(C)C)c3n2)C[C@H]1F,9.0,active
CHEMBL3608433,C=CC(=O)N[C@@H]1CN(c2nc(Nc3cn(C4CCN(C)C4)nc3OC)c3ncn(C(C)C)c3n2)C[C@H]1F,2.0,active
CHEMBL3608434,C=CC(=O)N[C@@H]1CN(c2nc(Nc3cn(CC)nc3OC)c3ncn(C)c3n2)C[C@H]1F,6.0,active
CHEMBL939,COc1cc2ncnc(Nc3ccc(F)c(Cl)c3)c2cc1OCCCN1CCOCC1,6.2,active
CHEMBL3623278,COc1cc2ncnc(Nc3cccc(Cl)c3F)c2cc1CN1CCOCC1,3.8,active
CHEMBL3623290,COc1cc2ncnc(Nc3cccc(Cl)c3F)c2cc1OC(=O)N1CCN(C)C[C@H]1C,7.4,active
CHEMBL3623290,COc1cc2ncnc(Nc3cccc(Cl)c3F)c2cc1OC(=O)N1CCN(C)C[C@H]1C,0.2,active
CHEMBL3623290,COc1cc2ncnc(Nc3cccc(Cl)c3F)c2cc1OC(=O)N1CCN(C)C[C@H]1C,2.4,active
CHEMBL3633141,C=CC(=O)Nc1cc(Nc2cncc(-c3cn(C)c4ccccc34)n2)c(OC)cc1N(C)CCN(C)C,6.0,active
CHEMBL3633142,C=CC(=O)Nc1cccc(-n2c(=O)ccc3cnc(Nc4ccc(N5CCN(C)CC5)cc4OC)nc32)c1,3.0,active
CHEMBL3633143,C=CC(=O)Nc1cccc(-n2c(=O)cc(C)c3cnc(Nc4ccc(N5CCN(C)CC5)cc4OC)nc32)c1,12.0,active
CHEMBL3633151,C=CC(=O)Nc1cccc(-n2c(=O)cc(C)c3cnc(Nc4ccc(N(C)CCN(C)C)cc4OC)nc32)c1,12.0,active
CHEMBL3633152,C=CC(=O)Nc1cccc(-n2c(=O)cc(C)c3cnc(Nc4ccc(OCCN(C)C)cc4OC)nc32)c1,9.0,active
,,,active
CHEMBL3741473,O=C(Nc1ccc(CN2CCCCC2)cc1)Nc1ccc2ncnc(Nc3cccc(C(F)(F)F)c3)c2c1,10.5,active
CHEMBL3740910,O=C(Nc1ccc(CN2CCCC2)cc1)Nc1ccc2ncnc(Nc3cccc(C(F)(F)F)c3)c2c1,11.5,active
CHEMBL939,COc1cc2ncnc(Nc3ccc(F)c(Cl)c3)c2cc1OCCCN1CCOCC1,2.6,active
,,,active
CHEMBL3545308,C=CC(=O)Nc1cccc(Nc2nc(Nc3ccc(N4CCN(C(C)=O)CC4)cc3OC)ncc2C(F)(F)F)c1,187.0,active
CHEMBL3545308,C=CC(=O)Nc1cccc(Nc2nc(Nc3ccc(N4CCN(C(C)=O)CC4)cc3OC)ncc2C(F)(F)F)c1,211.0,active
CHEMBL3353410,C=CC(=O)Nc1cc(Nc2nccc(-c3cn(C)c4ccccc34)n2)c(OC)cc1N(C)CCN(C)C,17.0,active
CHEMBL3787344,Cc1cc(C(=O)Nc2nc3cccc(Cl)c3n2[C@@H]2CCCCN(C(=O)/C=C/CN(C)C)C2)ccn1,9.0,active
CHEMBL3787344,Cc1cc(C(=O)Nc2nc3cccc(Cl)c3n2[C@@H]2CCCCN(C(=O)/C=C/CN(C)C)C2)ccn1,11.0,inactive
CHEMBL3663929,C=CC(=O)N1CC[C@@H](Oc2nc(Nc3ccc(N4CCC(N5CCN(C)CC5)CC4)cc3)c(C(N)=O)nc2CC)C1,8.0,active
CHEMBL3663929,C=CC(=O)N1CC[C@@H](Oc2nc(Nc3ccc(N4CCC(N5CCN(C)CC5)CC4)cc3)c(C(N)=O)nc2CC)C1,8.0,active
CHEMBL3353411,C=CC(=O)Nc1cc(Nc2nccc(-c3c[nH]c4ccccc34)n2)c(OC)cc1N(C)CCN(C)C,2.0,active
CHEMBL3353412,C=CC(=O)Nc1cc(Nc2nccc(-c3cn(C)c4ccccc34)n2)c(OC)cc1N(C)CCNC,26.0,active
CHEMBL3786098,C=CC(=O)N1C[C@H](COc2nc(Nc3cnn(C)c3)nc3[nH]cc(Cl)c23)[C@@H](OC)C1,21.0,active
CHEMBL553,C#Cc1cccc(Nc2ncnc3cc(OCCOC)c(OCCOC)cc23)c1,10.0,active
CHEMBL3545308,C=CC(=O)Nc1cccc(Nc2nc(Nc3ccc(N4CCN(C(C)=O)CC4)cc3OC)ncc2C(F)(F)F)c1,46.0,active
CHEMBL3353410,C=CC(=O)Nc1cc(Nc2nccc(-c3cn(C)c4ccccc34)n2)c(OC)cc1N(C)CCN(C)C,36.0,active
CHEMBL3786098,C=CC(=O)N1C[C@H](COc2nc(Nc3cnn(C)c3)nc3[nH]cc(Cl)c23)[C@@H](OC)C1,140.0,active
CHEMBL553,C#Cc1cccc(Nc2ncnc3cc(OCCOC)c(OCCOC)cc23)c1,11.0,active
CHEMBL3545308,C=CC(=O)Nc1cccc(Nc2nc(Nc3ccc(N4CCN(C(C)=O)CC4)cc3OC)ncc2C(F)(F)F)c1,79.0,active
CHEMBL3353410,C=CC(=O)Nc1cc(Nc2nccc(-c3cn(C)c4ccccc34)n2)c(OC)cc1N(C)CCN(C)C,56.0,active
CHEMBL3786098,C=CC(=O)N1C[C@H](COc2nc(Nc3cnn(C)c3)nc3[nH]cc(Cl)c23)[C@@H](OC)C1,90.0,active
CHEMBL553,C#Cc1cccc(Nc2ncnc3cc(OCCOC)c(OCCOC)cc23)c1,8.0,active
CHEMBL3545308,C=CC(=O)Nc1cccc(Nc2nc(Nc3ccc(N4CCN(C(C)=O)CC4)cc3OC)ncc2C(F)(F)F)c1,65.0,active
CHEMBL3353410,C=CC(=O)Nc1cc(Nc2nccc(-c3cn(C)c4ccccc34)n2)c(OC)cc1N(C)CCN(C)C,23.0,active
CHEMBL3799585,CCCC(=O)Nc1ccc2c(c1)/C(=C1/Nc3ccccc3/C1=N\O)C(=O)N2,8000.0,active
CHEMBL3797480,CCCCC(=O)Nc1ccc2c(c1)/C(=C1/Nc3ccccc3/C1=N\O)C(=O)N2,10000.0,active
CHEMBL513703,CC(C)(C)C(=O)Nc1ccc2c(c1)/C(=C1/Nc3ccccc3/C1=N\O)C(=O)N2,10000.0,active
CHEMBL3814959,NC(=O)Nc1ccc2ncnc(Nc3ccc(Br)cc3)c2c1,315.0,active
CHEMBL2031296,CC(=O)Nc1ccc2ncnc(Nc3cccc(Br)c3)c2c1,32.0,active
CHEMBL3814447,C#Cc1cccc(Nc2ncnc3ccc(NC(N)=O)cc23)c1,364.0,active
CHEMBL3815074,C#Cc1cccc(Nc2ncnc3ccc(NC(C)=O)cc23)c1,68.0,active
CHEMBL3814211,NC(=O)Nc1ccc2ncnc(Nc3ccc(F)c(Cl)c3)c2c1,401.0,active
CHEMBL3814257,CC(=O)Nc1ccc2ncnc(Nc3ccc(F)c(Cl)c3)c2c1,371.0,
CHEMBL3633928,NC(=O)Nc1ccc2ncnc(Nc3ccc(OCc4cccc(F)c4)c(Cl)c3)c2c1,407.0,
CHEMBL3815161,O=C(NCCN1CCOCC1)Nc1ccc2ncnc(Nc3ccc(F)c(Cl)c3)c2c1,53.0,
CHEMBL3814956,O=C(NCCN1CCCCC1)Nc1ccc2ncnc(Nc3ccc(F)c(Cl)c3)c2c1,77.0,
CHEMBL3814460,O=C(NCCN1CCOCC1)Nc1ccc2ncnc(Nc3ccc(OCc4cccc(F)c4)c(Cl)c3)c2c1,500.0,
CHEMBL3814021,O=C(NCCN1CCCCC1)Nc1ccc2ncnc(Nc3ccc(OCc4cccc(F)c4)c(Cl)c3)c2c1,500.0,
CHEMBL939,COc1cc2ncnc(Nc3ccc(F)c(Cl)c3)c2cc1OCCCN1CCOCC1,22.0,
CHEMBL3814445,Fc1ccc(Nc2ncnc3ccc(NC(=S)NCCN4CCOCC4)cc23)cc1Cl,316.0,
CHEMBL3814694,Fc1ccc(Nc2ncnc3ccc(NC(=S)NCCN4CCCCC4)cc23)cc1Cl,154.0,
CHEMBL3815163,S=C(NCCN1CCOCC1)Nc1ccc2ncnc(Nc3cccc(Br)c3)c2c1,69.0,
CHEMBL3813728,Fc1cccc(COc2ccc(Nc3ncnc4ccc(NC(=S)NCCN5CCOCC5)cc34)cc2Cl)c1,267.0,
CHEMBL3814940,Fc1cccc(COc2ccc(Nc3ncnc4ccc(NC(=S)NCCN5CCCCC5)cc34)cc2Cl)c1,500.0,
CHEMBL3814182,S=C(NCCN1CCOCC1)Nc1ccc2ncnc(Nc3ccc(Cl)c(Cl)c3)c2c1,653.0,
CHEMBL3814816,S=C(NCCN1CCOCC1)Nc1ccc2ncnc(Nc3ccc(Cl)cc3)c2c1,65.0,
CHEMBL3815115,S=C(NCCCN1CCOCC1)Nc1ccc2ncnc(Nc3cccc(Br)c3)c2c1,347.0,
CHEMBL3813876,Fc1ccc(Nc2ncnc3ccc(NC(=S)NCCCN4CCOCC4)cc23)cc1Cl,513.0,
CHEMBL3814812,Fc1cccc(COc2ccc(Nc3ncnc4ccc(NC(=S)NCCCN5CCOCC5)cc34)cc2Cl)c1,500.0,
CHEMBL3818247,CN1C(=O)COc2c1cnc1ccc(Sc3nnc4c(F)cc(-c5cnn(C)c5)cn34)cc21,30000.0,
CHEMBL388978,CN[C@@H]1C[C@H]2O[C@@](C)([C@@H]1OC)n1c3ccccc3c3c4c(c5c6ccccc6n2c5c31)C(=O)NC4,10.6,
CHEMBL3818547,COc1cc2ncnc(Nc3ccc(F)c(Cl)c3)c2cc1NC(=O)[C@@H]1COC(=O)N1,0.31,
CHEMBL3818115,CCOc1cc2ncnc(Nc3ccc(OCc4cccc(F)c4)c(Cl)c3)c2cc1NC(=O)[C@@H]1COC(=O)N1,5.62,
CHEMBL3818015,COc1cc2ncnc(Nc3cccc(Br)c3)c2cc1NC(=O)[C@@H]1COC(=O)N1,0.38,
CHEMBL3818563,CCOc1cc2ncnc(N[C@@H](C)c3ccccc3)c2cc1NC(=O)[C@@H]1COC(=O)N1,0.71,
CHEMBL3818970,CCOc1cc2ncnc(Nc3ccc(OCC4CC4)c(Cl)c3)c2cc1NC(=O)[C@@H]1COC(=O)N1,52.08,
CHEMBL3819120,O=C1N[C@H](C(=O)Nc2cc3c(Nc4ccc(F)c(Cl)c4)ncnc3cc2OCCN2CCCCC2)CO1,7.79,
CHEMBL3818289,O=C1N[C@H](C(=O)Nc2cc3c(Nc4ccc(F)c(Cl)c4)ncnc3cc2OCCCN2CCOCC2)CO1,0.83,
CHEMBL3818364,CCOc1cc2ncnc(Nc3ccc(OCc4cccc(F)c4)c(Cl)c3)c2cc1NC(=O)[C@H]1COC(=O)N1,5.49,
CHEMBL3818062,COc1cc2ncnc(Nc3ccc(F)c(Cl)c3)c2cc1NC(=O)[C@H]1NC(=O)O[C@@H]1C,0.35,
CHEMBL3819553,CCOc1cc2ncnc(Nc3ccc(OCc4cccc(F)c4)c(Cl)c3)c2cc1NC(=O)[C@H]1NC(=O)O[C@@H]1C,12.0,
CHEMBL3828269,Cn1cc(-c2ccc3ncnc(Nc4ccc(F)c(Cl)c4)c3c2)cn1,3.5,
CHEMBL3828079,Cn1cc(-c2ccc3ncnc(Nc4ccc5ncccc5c4)c3c2)cn1,108.0,
CHEMBL3828021,C#Cc1cccc(Nc2ncnc3ccc(-c4cnn(C)c4)cc23)c1,4.25,
CHEMBL3828092,Fc1ccc(Nc2ncnc3ccc(-c4cnn(C5CCNCC5)c4)cc23)cc1Cl,39.1,
CHEMBL3827349,c1cnc2ccc(Nc3ncnc4ccc(-c5cnn(C6CCNCC6)c5)cc34)cc2c1,35.0,
CHEMBL939,COc1cc2ncnc(Nc3ccc(F)c(Cl)c3)c2cc1OCCCN1CCOCC1,0.637,
CHEMBL3622673,C#Cc1cccc(Nc2ncnc3cc(OCC)c(NC(=O)/C=C/CN4CCCCC4)cc23)c1,1.7,
CHEMBL3622673,C#Cc1cccc(Nc2ncnc3cc(OCC)c(NC(=O)/C=C/CN4CCCCC4)cc23)c1,10.0,
CHEMBL3985592,C=CC(=O)Nc1cccc(Nc2nc(Nc3ccc(NC4CN(CCF)C4)cc3OC)ncc2C(F)(F)F)c1,5.0,
CHEMBL3956925,C=CC(=O)Nc1cccc(Nc2nc(Nc3ccc(NC4CN(C(C)=O)C4)cc3OC)ncc2C(F)(F)F)c1,5.0,
CHEMBL3967836,C=CC(=O)Nc1cccc(Nc2nc(Nc3ccc(NC4CN(C(=O)OC(C)(C)C)C4)cc3OC)ncc2C(F)(F)F)c1,200.0,
CHEMBL3962343,C=CC(=O)Nc1cccc(Nc2nc(Nc3ccc(NC(C)C)cc3OC)ncc2Cl)c1,65.0,
CHEMBL3973190,C=CC(=O)Nc1cccc(Nc2nc(Nc3ccc(NC(C)C)cc3OC)ncc2C(F)(F)F)c1,20.0,
